"Wavelength","Global"
"280.0","4.73E-23"
"280.5","1.23E-21"
"281.0","5.69E-21"
"281.5","1.57E-19"
"282.0","1.19E-18"
"282.5","4.54E-18"
"283.0","1.85E-17"
"283.5","3.54E-17"
"284.0","7.27E-16"
"284.5","2.49E-15"
"285.0","8.01E-15"
"285.5","4.26E-14"
"286.0","1.37E-13"
"286.5","8.38E-13"
"287.0","2.74E-12"
"287.5","1.09E-11"
"288.0","6.23E-11"
"288.5","1.72E-10"
"289.0","5.63E-10"
"289.5","2.07E-9"
"290.0","6.02E-9"
"290.5","1.38E-8"
"291.0","3.51E-8"
"291.5","1.09E-7"
"292.0","2.68E-7"
"292.5","4.27E-7"
"293.0","8.65E-7"
"293.5","2.27E-6"
"294.0","4.17E-6"
"294.5","6.59E-6"
"295.0","1.23E-5"
"295.5","2.78E-5"
"296.0","4.79E-5"
"296.5","7.13E-5"
"297.0","9.68E-5"
"297.5","1.86E-4"
"298.0","2.90E-4"
"298.5","3.58E-4"
"299.0","4.92E-4"
"299.5","8.61E-4"
"300.0","1.02E-3"
"300.5","1.25E-3"
"301.0","1.93E-3"
"301.5","2.69E-3"
"302.0","2.92E-3"
"302.5","4.28E-3"
"303.0","7.09E-3"
"303.5","8.98E-3"
"304.0","9.47E-3"
"304.5","1.20E-2"
"305.0","1.65E-2"
"305.5","1.87E-2"
"306.0","1.86E-2"
"306.5","2.11E-2"
"307.0","2.78E-2"
"307.5","3.56E-2"
"308.0","3.78E-2"
"308.5","4.14E-2"
"309.0","4.05E-2"
"309.5","4.33E-2"
"310.0","5.09E-2"
"310.5","6.55E-2"
"311.0","8.29E-2"
"311.5","8.41E-2"
"312.0","9.34E-2"
"312.5","9.90E-2"
"313.0","1.07E-1"
"313.5","1.08E-1"
"314.0","1.20E-1"
"314.5","1.31E-1"
"315.0","1.36E-1"
"315.5","1.18E-1"
"316.0","1.23E-1"
"316.5","1.50E-1"
"317.0","1.72E-1"
"317.5","1.82E-1"
"318.0","1.76E-1"
"318.5","1.86E-1"
"319.0","2.05E-1"
"319.5","1.96E-1"
"320.0","2.05E-1"
"320.5","2.45E-1"
"321.0","2.50E-1"
"321.5","2.38E-1"
"322.0","2.22E-1"
"322.5","2.17E-1"
"323.0","2.12E-1"
"323.5","2.49E-1"
"324.0","2.75E-1"
"324.5","2.83E-1"
"325.0","2.79E-1"
"325.5","3.24E-1"
"326.0","3.81E-1"
"326.5","4.07E-1"
"327.0","3.98E-1"
"327.5","3.85E-1"
"328.0","3.51E-1"
"328.5","3.72E-1"
"329.0","4.22E-1"
"329.5","4.69E-1"
"330.0","4.71E-1"
"330.5","4.28E-1"
"331.0","4.03E-1"
"331.5","4.18E-1"
"332.0","4.36E-1"
"332.5","4.39E-1"
"333.0","4.29E-1"
"333.5","4.07E-1"
"334.0","4.15E-1"
"334.5","4.45E-1"
"335.0","4.64E-1"
"335.5","4.53E-1"
"336.0","4.15E-1"
"336.5","3.82E-1"
"337.0","3.74E-1"
"337.5","4.01E-1"
"338.0","4.34E-1"
"338.5","4.55E-1"
"339.0","4.64E-1"
"339.5","4.74E-1"
"340.0","5.02E-1"
"340.5","5.01E-1"
"341.0","4.71E-1"
"341.5","4.69E-1"
"342.0","4.89E-1"
"342.5","5.08E-1"
"343.0","5.15E-1"
"343.5","4.86E-1"
"344.0","4.18E-1"
"344.5","4.03E-1"
"345.0","4.59E-1"
"345.5","4.89E-1"
"346.0","4.78E-1"
"346.5","4.87E-1"
"347.0","4.94E-1"
"347.5","4.77E-1"
"348.0","4.75E-1"
"348.5","4.83E-1"
"349.0","4.66E-1"
"349.5","4.78E-1"
"350.0","5.28E-1"
"350.5","5.67E-1"
"351.0","5.52E-1"
"351.5","5.30E-1"
"352.0","5.18E-1"
"352.5","4.90E-1"
"353.0","5.20E-1"
"353.5","5.72E-1"
"354.0","6.05E-1"
"354.5","6.12E-1"
"355.0","6.11E-1"
"355.5","5.90E-1"
"356.0","5.54E-1"
"356.5","5.19E-1"
"357.0","4.57E-1"
"357.5","4.62E-1"
"358.0","4.30E-1"
"358.5","3.99E-1"
"359.0","4.70E-1"
"359.5","5.65E-1"
"360.0","5.98E-1"
"360.5","5.65E-1"
"361.0","5.20E-1"
"361.5","5.10E-1"
"362.0","5.34E-1"
"362.5","5.85E-1"
"363.0","6.02E-1"
"363.5","5.85E-1"
"364.0","6.06E-1"
"364.5","6.01E-1"
"365.0","6.24E-1"
"365.5","6.86E-1"
"366.0","7.35E-1"
"366.5","7.37E-1"
"367.0","7.23E-1"
"367.5","7.09E-1"
"368.0","6.68E-1"
"368.5","6.63E-1"
"369.0","6.93E-1"
"369.5","7.45E-1"
"370.0","7.55E-1"
"370.5","6.83E-1"
"371.0","6.93E-1"
"371.5","7.21E-1"
"372.0","6.74E-1"
"372.5","6.43E-1"
"373.0","6.19E-1"
"373.5","5.58E-1"
"374.0","5.56E-1"
"374.5","5.52E-1"
"375.0","5.89E-1"
"375.5","6.52E-1"
"376.0","6.75E-1"
"376.5","6.64E-1"
"377.0","7.12E-1"
"377.5","7.95E-1"
"378.0","8.56E-1"
"378.5","8.34E-1"
"379.0","7.44E-1"
"379.5","6.67E-1"
"380.0","7.01E-1"
"380.5","7.51E-1"
"381.0","7.64E-1"
"381.5","6.88E-1"
"382.0","5.87E-1"
"382.5","5.08E-1"
"383.0","4.55E-1"
"383.5","4.40E-1"
"384.0","5.10E-1"
"384.5","6.14E-1"
"385.0","6.74E-1"
"385.5","6.44E-1"
"386.0","6.21E-1"
"386.5","6.46E-1"
"387.0","6.51E-1"
"387.5","6.42E-1"
"388.0","6.36E-1"
"388.5","6.31E-1"
"389.0","6.85E-1"
"389.5","7.60E-1"
"390.0","7.97E-1"
"390.5","8.04E-1"
"391.0","8.51E-1"
"391.5","8.63E-1"
"392.0","7.95E-1"
"392.5","6.63E-1"
"393.0","4.80E-1"
"393.5","3.82E-1"
"394.0","4.96E-1"
"394.5","6.84E-1"
"395.0","8.08E-1"
"395.5","8.60E-1"
"396.0","7.57E-1"
"396.5","5.50E-1"
"397.0","4.26E-1"
"397.5","6.29E-1"
"398.0","8.52E-1"
"398.5","1.01E+0"
"399.0","1.07E+0"
"399.5","1.10E+0"
"400.0","1.11E+0"
"401.0","1.16E+0"
"402.0","1.21E+0"
"403.0","1.16E+0"
"404.0","1.18E+0"
"405.0","1.15E+0"
"406.0","1.12E+0"
"407.0","1.10E+0"
"408.0","1.15E+0"
"409.0","1.23E+0"
"410.0","1.05E+0"
"411.0","1.17E+0"
"412.0","1.25E+0"
"413.0","1.20E+0"
"414.0","1.18E+0"
"415.0","1.23E+0"
"416.0","1.26E+0"
"417.0","1.23E+0"
"418.0","1.18E+0"
"419.0","1.23E+0"
"420.0","1.12E+0"
"421.0","1.28E+0"
"422.0","1.26E+0"
"423.0","1.22E+0"
"424.0","1.21E+0"
"425.0","1.25E+0"
"426.0","1.21E+0"
"427.0","1.17E+0"
"428.0","1.18E+0"
"429.0","1.10E+0"
"430.0","8.75E-1"
"431.0","7.94E-1"
"432.0","1.32E+0"
"433.0","1.23E+0"
"434.0","1.14E+0"
"435.0","1.25E+0"
"436.0","1.37E+0"
"437.0","1.39E+0"
"438.0","1.22E+0"
"439.0","1.18E+0"
"440.0","1.35E+0"
"441.0","1.33E+0"
"442.0","1.43E+0"
"443.0","1.45E+0"
"444.0","1.41E+0"
"445.0","1.46E+0"
"446.0","1.31E+0"
"447.0","1.49E+0"
"448.0","1.51E+0"
"449.0","1.50E+0"
"450.0","1.56E+0"
"451.0","1.62E+0"
"452.0","1.55E+0"
"453.0","1.43E+0"
"454.0","1.53E+0"
"455.0","1.52E+0"
"456.0","1.57E+0"
"457.0","1.59E+0"
"458.0","1.55E+0"
"459.0","1.54E+0"
"460.0","1.53E+0"
"461.0","1.58E+0"
"462.0","1.60E+0"
"463.0","1.60E+0"
"464.0","1.55E+0"
"465.0","1.53E+0"
"466.0","1.57E+0"
"467.0","1.50E+0"
"468.0","1.56E+0"
"469.0","1.57E+0"
"470.0","1.51E+0"
"471.0","1.53E+0"
"472.0","1.61E+0"
"473.0","1.55E+0"
"474.0","1.57E+0"
"475.0","1.62E+0"
"476.0","1.56E+0"
"477.0","1.57E+0"
"478.0","1.62E+0"
"479.0","1.59E+0"
"480.0","1.62E+0"
"481.0","1.62E+0"
"482.0","1.62E+0"
"483.0","1.60E+0"
"484.0","1.57E+0"
"485.0","1.57E+0"
"486.0","1.27E+0"
"487.0","1.42E+0"
"488.0","1.54E+0"
"489.0","1.45E+0"
"490.0","1.62E+0"
"491.0","1.56E+0"
"492.0","1.49E+0"
"493.0","1.59E+0"
"494.0","1.55E+0"
"495.0","1.65E+0"
"496.0","1.57E+0"
"497.0","1.59E+0"
"498.0","1.55E+0"
"499.0","1.55E+0"
"500.0","1.55E+0"
"501.0","1.50E+0"
"502.0","1.50E+0"
"503.0","1.57E+0"
"504.0","1.46E+0"
"505.0","1.56E+0"
"506.0","1.63E+0"
"507.0","1.56E+0"
"508.0","1.52E+0"
"509.0","1.59E+0"
"510.0","1.55E+0"
"511.0","1.58E+0"
"512.0","1.62E+0"
"513.0","1.52E+0"
"514.0","1.49E+0"
"515.0","1.53E+0"
"516.0","1.55E+0"
"517.0","1.26E+0"
"518.0","1.44E+0"
"519.0","1.40E+0"
"520.0","1.52E+0"
"521.0","1.53E+0"
"522.0","1.57E+0"
"523.0","1.48E+0"
"524.0","1.59E+0"
"525.0","1.58E+0"
"526.0","1.53E+0"
"527.0","1.34E+0"
"528.0","1.54E+0"
"529.0","1.61E+0"
"530.0","1.54E+0"
"531.0","1.63E+0"
"532.0","1.60E+0"
"533.0","1.43E+0"
"534.0","1.53E+0"
"535.0","1.55E+0"
"536.0","1.62E+0"
"537.0","1.50E+0"
"538.0","1.57E+0"
"539.0","1.54E+0"
"540.0","1.48E+0"
"541.0","1.43E+0"
"542.0","1.55E+0"
"543.0","1.53E+0"
"544.0","1.58E+0"
"545.0","1.54E+0"
"546.0","1.53E+0"
"547.0","1.55E+0"
"548.0","1.50E+0"
"549.0","1.55E+0"
"550.0","1.54E+0"
"551.0","1.54E+0"
"552.0","1.57E+0"
"553.0","1.52E+0"
"554.0","1.55E+0"
"555.0","1.56E+0"
"556.0","1.54E+0"
"557.0","1.50E+0"
"558.0","1.53E+0"
"559.0","1.45E+0"
"560.0","1.47E+0"
"561.0","1.56E+0"
"562.0","1.48E+0"
"563.0","1.54E+0"
"564.0","1.51E+0"
"565.0","1.52E+0"
"566.0","1.44E+0"
"567.0","1.53E+0"
"568.0","1.52E+0"
"569.0","1.48E+0"
"570.0","1.48E+0"
"571.0","1.43E+0"
"572.0","1.51E+0"
"573.0","1.52E+0"
"574.0","1.51E+0"
"575.0","1.48E+0"
"576.0","1.47E+0"
"577.0","1.50E+0"
"578.0","1.46E+0"
"579.0","1.48E+0"
"580.0","1.50E+0"
"581.0","1.51E+0"
"582.0","1.53E+0"
"583.0","1.55E+0"
"584.0","1.54E+0"
"585.0","1.53E+0"
"586.0","1.50E+0"
"587.0","1.53E+0"
"588.0","1.49E+0"
"589.0","1.29E+0"
"590.0","1.37E+0"
"591.0","1.47E+0"
"592.0","1.44E+0"
"593.0","1.46E+0"
"594.0","1.45E+0"
"595.0","1.43E+0"
"596.0","1.47E+0"
"597.0","1.48E+0"
"598.0","1.46E+0"
"599.0","1.46E+0"
"600.0","1.48E+0"
"601.0","1.46E+0"
"602.0","1.44E+0"
"603.0","1.47E+0"
"604.0","1.49E+0"
"605.0","1.49E+0"
"606.0","1.48E+0"
"607.0","1.49E+0"
"608.0","1.49E+0"
"609.0","1.47E+0"
"610.0","1.47E+0"
"611.0","1.46E+0"
"612.0","1.48E+0"
"613.0","1.46E+0"
"614.0","1.42E+0"
"615.0","1.47E+0"
"616.0","1.43E+0"
"617.0","1.41E+0"
"618.0","1.47E+0"
"619.0","1.47E+0"
"620.0","1.47E+0"
"621.0","1.48E+0"
"622.0","1.43E+0"
"623.0","1.42E+0"
"624.0","1.41E+0"
"625.0","1.40E+0"
"626.0","1.40E+0"
"627.0","1.44E+0"
"628.0","1.36E+0"
"629.0","1.41E+0"
"630.0","1.39E+0"
"631.0","1.42E+0"
"632.0","1.36E+0"
"633.0","1.45E+0"
"634.0","1.43E+0"
"635.0","1.45E+0"
"636.0","1.41E+0"
"637.0","1.46E+0"
"638.0","1.47E+0"
"639.0","1.46E+0"
"640.0","1.43E+0"
"641.0","1.43E+0"
"642.0","1.44E+0"
"643.0","1.45E+0"
"644.0","1.45E+0"
"645.0","1.46E+0"
"646.0","1.42E+0"
"647.0","1.41E+0"
"648.0","1.40E+0"
"649.0","1.35E+0"
"650.0","1.36E+0"
"651.0","1.44E+0"
"652.0","1.39E+0"
"653.0","1.43E+0"
"654.0","1.42E+0"
"655.0","1.35E+0"
"656.0","1.19E+0"
"657.0","1.24E+0"
"658.0","1.39E+0"
"659.0","1.39E+0"
"660.0","1.40E+0"
"661.0","1.39E+0"
"662.0","1.38E+0"
"663.0","1.38E+0"
"664.0","1.40E+0"
"665.0","1.42E+0"
"666.0","1.42E+0"
"667.0","1.41E+0"
"668.0","1.42E+0"
"669.0","1.44E+0"
"670.0","1.42E+0"
"671.0","1.42E+0"
"672.0","1.40E+0"
"673.0","1.41E+0"
"674.0","1.41E+0"
"675.0","1.40E+0"
"676.0","1.41E+0"
"677.0","1.40E+0"
"678.0","1.41E+0"
"679.0","1.39E+0"
"680.0","1.40E+0"
"681.0","1.39E+0"
"682.0","1.40E+0"
"683.0","1.38E+0"
"684.0","1.37E+0"
"685.0","1.37E+0"
"686.0","1.34E+0"
"687.0","9.68E-1"
"688.0","1.12E+0"
"689.0","1.13E+0"
"690.0","1.18E+0"
"691.0","1.23E+0"
"692.0","1.27E+0"
"693.0","1.26E+0"
"694.0","1.25E+0"
"695.0","1.27E+0"
"696.0","1.27E+0"
"697.0","1.34E+0"
"698.0","1.32E+0"
"699.0","1.29E+0"
"700.0","1.28E+0"
"701.0","1.27E+0"
"702.0","1.27E+0"
"703.0","1.27E+0"
"704.0","1.31E+0"
"705.0","1.32E+0"
"706.0","1.31E+0"
"707.0","1.31E+0"
"708.0","1.30E+0"
"709.0","1.31E+0"
"710.0","1.32E+0"
"711.0","1.32E+0"
"712.0","1.31E+0"
"713.0","1.29E+0"
"714.0","1.30E+0"
"715.0","1.26E+0"
"716.0","1.27E+0"
"717.0","1.11E+0"
"718.0","1.03E+0"
"719.0","9.23E-1"
"720.0","9.86E-1"
"721.0","1.09E+0"
"722.0","1.24E+0"
"723.0","1.14E+0"
"724.0","1.06E+0"
"725.0","1.04E+0"
"726.0","1.08E+0"
"727.0","1.08E+0"
"728.0","1.04E+0"
"729.0","1.05E+0"
"730.0","1.13E+0"
"731.0","1.07E+0"
"732.0","1.15E+0"
"733.0","1.20E+0"
"734.0","1.24E+0"
"735.0","1.22E+0"
"736.0","1.21E+0"
"737.0","1.20E+0"
"738.0","1.23E+0"
"739.0","1.19E+0"
"740.0","1.22E+0"
"741.0","1.21E+0"
"742.0","1.22E+0"
"743.0","1.24E+0"
"744.0","1.25E+0"
"745.0","1.25E+0"
"746.0","1.25E+0"
"747.0","1.25E+0"
"748.0","1.24E+0"
"749.0","1.24E+0"
"750.0","1.23E+0"
"751.0","1.23E+0"
"752.0","1.23E+0"
"753.0","1.23E+0"
"754.0","1.24E+0"
"755.0","1.24E+0"
"756.0","1.22E+0"
"757.0","1.22E+0"
"758.0","1.23E+0"
"759.0","1.19E+0"
"760.0","2.66E-1"
"761.0","1.54E-1"
"762.0","6.88E-1"
"763.0","3.80E-1"
"764.0","5.39E-1"
"765.0","6.86E-1"
"766.0","8.15E-1"
"767.0","9.74E-1"
"768.0","1.11E+0"
"769.0","1.13E+0"
"770.0","1.16E+0"
"771.0","1.17E+0"
"772.0","1.18E+0"
"773.0","1.18E+0"
"774.0","1.18E+0"
"775.0","1.18E+0"
"776.0","1.18E+0"
"777.0","1.17E+0"
"778.0","1.17E+0"
"779.0","1.18E+0"
"780.0","1.16E+0"
"781.0","1.16E+0"
"782.0","1.17E+0"
"783.0","1.16E+0"
"784.0","1.15E+0"
"785.0","1.16E+0"
"786.0","1.16E+0"
"787.0","1.15E+0"
"788.0","1.13E+0"
"789.0","1.13E+0"
"790.0","1.09E+0"
"791.0","1.11E+0"
"792.0","1.10E+0"
"793.0","1.09E+0"
"794.0","1.10E+0"
"795.0","1.09E+0"
"796.0","1.07E+0"
"797.0","1.09E+0"
"798.0","1.11E+0"
"799.0","1.09E+0"
"800.0","1.07E+0"
"801.0","1.08E+0"
"802.0","1.09E+0"
"803.0","1.07E+0"
"804.0","1.08E+0"
"805.0","1.05E+0"
"806.0","1.10E+0"
"807.0","1.09E+0"
"808.0","1.08E+0"
"809.0","1.05E+0"
"810.0","1.06E+0"
"811.0","1.05E+0"
"812.0","1.03E+0"
"813.0","1.01E+0"
"814.0","9.04E-1"
"815.0","8.95E-1"
"816.0","8.32E-1"
"817.0","8.52E-1"
"818.0","8.23E-1"
"819.0","9.05E-1"
"820.0","8.62E-1"
"821.0","9.98E-1"
"822.0","9.52E-1"
"823.0","6.73E-1"
"824.0","9.35E-1"
"825.0","9.69E-1"
"826.0","9.34E-1"
"827.0","9.85E-1"
"828.0","8.50E-1"
"829.0","9.29E-1"
"830.0","9.16E-1"
"831.0","9.24E-1"
"832.0","8.94E-1"
"833.0","9.57E-1"
"834.0","9.34E-1"
"835.0","1.00E+0"
"836.0","9.72E-1"
"837.0","1.01E+0"
"838.0","9.99E-1"
"839.0","1.00E+0"
"840.0","1.02E+0"
"841.0","1.01E+0"
"842.0","9.97E-1"
"843.0","1.01E+0"
"844.0","9.86E-1"
"845.0","1.02E+0"
"846.0","1.02E+0"
"847.0","9.92E-1"
"848.0","9.92E-1"
"849.0","9.86E-1"
"850.0","8.94E-1"
"851.0","9.75E-1"
"852.0","9.69E-1"
"853.0","9.65E-1"
"854.0","8.51E-1"
"855.0","9.13E-1"
"856.0","9.73E-1"
"857.0","9.92E-1"
"858.0","9.92E-1"
"859.0","9.92E-1"
"860.0","9.88E-1"
"861.0","9.87E-1"
"862.0","9.94E-1"
"863.0","1.00E+0"
"864.0","9.79E-1"
"865.0","9.63E-1"
"866.0","8.49E-1"
"867.0","9.15E-1"
"868.0","9.59E-1"
"869.0","9.50E-1"
"870.0","9.68E-1"
"871.0","9.54E-1"
"872.0","9.67E-1"
"873.0","9.57E-1"
"874.0","9.40E-1"
"875.0","9.27E-1"
"876.0","9.53E-1"
"877.0","9.56E-1"
"878.0","9.52E-1"
"879.0","9.37E-1"
"880.0","9.40E-1"
"881.0","9.09E-1"
"882.0","9.32E-1"
"883.0","9.29E-1"
"884.0","9.33E-1"
"885.0","9.44E-1"
"886.0","9.08E-1"
"887.0","9.11E-1"
"888.0","9.22E-1"
"889.0","9.35E-1"
"890.0","9.24E-1"
"891.0","9.26E-1"
"892.0","9.09E-1"
"893.0","8.73E-1"
"894.0","8.51E-1"
"895.0","8.14E-1"
"896.0","7.63E-1"
"897.0","6.66E-1"
"898.0","7.18E-1"
"899.0","5.49E-1"
"900.0","7.43E-1"
"901.0","5.99E-1"
"902.0","6.68E-1"
"903.0","6.89E-1"
"904.0","8.45E-1"
"905.0","8.17E-1"
"906.0","7.76E-1"
"907.0","6.39E-1"
"908.0","6.52E-1"
"909.0","7.04E-1"
"910.0","6.25E-1"
"911.0","6.68E-1"
"912.0","6.89E-1"
"913.0","6.28E-1"
"914.0","6.26E-1"
"915.0","6.78E-1"
"916.0","5.76E-1"
"917.0","7.30E-1"
"918.0","5.93E-1"
"919.0","7.39E-1"
"920.0","7.44E-1"
"921.0","7.80E-1"
"922.0","7.00E-1"
"923.0","7.45E-1"
"924.0","7.22E-1"
"925.0","7.11E-1"
"926.0","7.03E-1"
"927.0","7.87E-1"
"928.0","5.90E-1"
"929.0","5.51E-1"
"930.0","4.32E-1"
"931.0","4.09E-1"
"932.0","3.01E-1"
"933.0","2.48E-1"
"934.0","1.44E-1"
"935.0","2.51E-1"
"936.0","1.61E-1"
"937.0","1.63E-1"
"938.0","2.01E-1"
"939.0","3.99E-1"
"940.0","4.72E-1"
"941.0","3.72E-1"
"942.0","4.05E-1"
"943.0","2.78E-1"
"944.0","2.86E-1"
"945.0","3.68E-1"
"946.0","1.95E-1"
"947.0","3.71E-1"
"948.0","2.74E-1"
"949.0","4.94E-1"
"950.0","1.47E-1"
"951.0","4.84E-1"
"952.0","2.69E-1"
"953.0","3.44E-1"
"954.0","4.24E-1"
"955.0","3.41E-1"
"956.0","3.28E-1"
"957.0","2.71E-1"
"958.0","4.61E-1"
"959.0","3.74E-1"
"960.0","4.21E-1"
"961.0","4.61E-1"
"962.0","4.42E-1"
"963.0","5.05E-1"
"964.0","4.59E-1"
"965.0","5.04E-1"
"966.0","5.03E-1"
"967.0","5.02E-1"
"968.0","6.52E-1"
"969.0","6.86E-1"
"970.0","6.35E-1"
"971.0","7.14E-1"
"972.0","6.88E-1"
"973.0","6.06E-1"
"974.0","5.75E-1"
"975.0","5.90E-1"
"976.0","5.72E-1"
"977.0","6.39E-1"
"978.0","6.15E-1"
"979.0","6.38E-1"
"980.0","6.05E-1"
"981.0","7.13E-1"
"982.0","6.92E-1"
"983.0","6.69E-1"
"984.0","7.37E-1"
"985.0","6.88E-1"
"986.0","7.51E-1"
"987.0","7.39E-1"
"988.0","7.35E-1"
"989.0","7.49E-1"
"990.0","7.32E-1"
"991.0","7.54E-1"
"992.0","7.51E-1"
"993.0","7.37E-1"
"994.0","7.54E-1"
"995.0","7.52E-1"
"996.0","7.49E-1"
"997.0","7.40E-1"
"998.0","7.39E-1"
"999.0","7.39E-1"
"1000.0","7.35E-1"
"1001.0","7.44E-1"
"1002.0","7.28E-1"
"1003.0","7.34E-1"
"1004.0","7.23E-1"
"1005.0","6.82E-1"
"1006.0","7.13E-1"
"1007.0","7.28E-1"
"1008.0","7.27E-1"
"1009.0","7.20E-1"
"1010.0","7.19E-1"
"1011.0","7.23E-1"
"1012.0","7.19E-1"
"1013.0","7.18E-1"
"1014.0","7.21E-1"
"1015.0","7.08E-1"
"1016.0","7.11E-1"
"1017.0","7.03E-1"
"1018.0","7.14E-1"
"1019.0","6.89E-1"
"1020.0","6.99E-1"
"1021.0","7.02E-1"
"1022.0","6.90E-1"
"1023.0","6.95E-1"
"1024.0","6.91E-1"
"1025.0","6.98E-1"
"1026.0","6.96E-1"
"1027.0","6.93E-1"
"1028.0","6.94E-1"
"1029.0","6.86E-1"
"1030.0","6.91E-1"
"1031.0","6.87E-1"
"1032.0","6.88E-1"
"1033.0","6.76E-1"
"1034.0","6.80E-1"
"1035.0","6.82E-1"
"1036.0","6.82E-1"
"1037.0","6.75E-1"
"1038.0","6.72E-1"
"1039.0","6.76E-1"
"1040.0","6.72E-1"
"1041.0","6.72E-1"
"1042.0","6.72E-1"
"1043.0","6.65E-1"
"1044.0","6.68E-1"
"1045.0","6.65E-1"
"1046.0","6.47E-1"
"1047.0","6.57E-1"
"1048.0","6.63E-1"
"1049.0","6.59E-1"
"1050.0","6.55E-1"
"1051.0","6.55E-1"
"1052.0","6.51E-1"
"1053.0","6.49E-1"
"1054.0","6.46E-1"
"1055.0","6.48E-1"
"1056.0","6.46E-1"
"1057.0","6.45E-1"
"1058.0","6.38E-1"
"1059.0","6.19E-1"
"1060.0","6.36E-1"
"1061.0","6.21E-1"
"1062.0","6.33E-1"
"1063.0","6.22E-1"
"1064.0","6.32E-1"
"1065.0","6.29E-1"
"1066.0","6.17E-1"
"1067.0","6.20E-1"
"1068.0","6.19E-1"
"1069.0","5.86E-1"
"1070.0","6.05E-1"
"1071.0","6.17E-1"
"1072.0","6.15E-1"
"1073.0","6.04E-1"
"1074.0","6.22E-1"
"1075.0","5.93E-1"
"1076.0","6.15E-1"
"1077.0","6.04E-1"
"1078.0","6.03E-1"
"1079.0","6.05E-1"
"1080.0","5.97E-1"
"1081.0","5.81E-1"
"1082.0","5.89E-1"
"1083.0","5.98E-1"
"1084.0","5.79E-1"
"1085.0","5.93E-1"
"1086.0","5.54E-1"
"1087.0","5.67E-1"
"1088.0","5.93E-1"
"1089.0","5.79E-1"
"1090.0","5.56E-1"
"1091.0","5.88E-1"
"1092.0","5.81E-1"
"1093.0","5.11E-1"
"1094.0","5.40E-1"
"1095.0","5.21E-1"
"1096.0","5.03E-1"
"1097.0","5.79E-1"
"1098.0","5.03E-1"
"1099.0","5.08E-1"
"1100.0","4.86E-1"
"1101.0","4.97E-1"
"1102.0","4.69E-1"
"1103.0","4.66E-1"
"1104.0","4.68E-1"
"1105.0","5.06E-1"
"1106.0","3.98E-1"
"1107.0","4.83E-1"
"1108.0","4.16E-1"
"1109.0","4.13E-1"
"1110.0","4.79E-1"
"1111.0","3.32E-1"
"1112.0","4.14E-1"
"1113.0","2.69E-1"
"1114.0","3.00E-1"
"1115.0","2.50E-1"
"1116.0","2.01E-1"
"1117.0","7.96E-2"
"1118.0","2.18E-1"
"1119.0","1.13E-1"
"1120.0","1.42E-1"
"1121.0","1.86E-1"
"1122.0","8.17E-2"
"1123.0","1.28E-1"
"1124.0","1.09E-1"
"1125.0","1.44E-1"
"1126.0","5.16E-2"
"1127.0","1.57E-1"
"1128.0","9.92E-2"
"1129.0","1.06E-1"
"1130.0","7.06E-2"
"1131.0","2.96E-1"
"1132.0","2.34E-1"
"1133.0","1.53E-1"
"1134.0","4.17E-2"
"1135.0","1.55E-2"
"1136.0","1.29E-1"
"1137.0","2.88E-1"
"1138.0","2.03E-1"
"1139.0","2.98E-1"
"1140.0","2.56E-1"
"1141.0","1.93E-1"
"1142.0","2.25E-1"
"1143.0","3.12E-1"
"1144.0","1.13E-1"
"1145.0","1.46E-1"
"1146.0","1.58E-1"
"1147.0","5.92E-2"
"1148.0","2.71E-1"
"1149.0","2.19E-1"
"1150.0","1.22E-1"
"1151.0","2.03E-1"
"1152.0","2.48E-1"
"1153.0","2.38E-1"
"1154.0","1.42E-1"
"1155.0","3.13E-1"
"1156.0","2.81E-1"
"1157.0","3.15E-1"
"1158.0","3.12E-1"
"1159.0","3.37E-1"
"1160.0","2.86E-1"
"1161.0","3.48E-1"
"1162.0","3.50E-1"
"1163.0","4.69E-1"
"1164.0","4.02E-1"
"1165.0","3.89E-1"
"1166.0","3.75E-1"
"1167.0","4.10E-1"
"1168.0","4.20E-1"
"1169.0","4.23E-1"
"1170.0","4.59E-1"
"1171.0","4.48E-1"
"1172.0","4.55E-1"
"1173.0","4.56E-1"
"1174.0","3.37E-1"
"1175.0","4.52E-1"
"1176.0","4.77E-1"
"1177.0","4.72E-1"
"1178.0","3.60E-1"
"1179.0","4.84E-1"
"1180.0","4.41E-1"
"1181.0","4.55E-1"
"1182.0","3.23E-1"
"1183.0","4.39E-1"
"1184.0","4.20E-1"
"1185.0","4.07E-1"
"1186.0","4.77E-1"
"1187.0","4.56E-1"
"1188.0","3.35E-1"
"1189.0","4.16E-1"
"1190.0","4.62E-1"
"1191.0","4.47E-1"
"1192.0","4.73E-1"
"1193.0","4.54E-1"
"1194.0","4.69E-1"
"1195.0","4.47E-1"
"1196.0","4.31E-1"
"1197.0","4.77E-1"
"1198.0","4.34E-1"
"1199.0","3.65E-1"
"1200.0","4.48E-1"
"1201.0","4.37E-1"
"1202.0","4.37E-1"
"1203.0","4.34E-1"
"1204.0","3.62E-1"
"1205.0","4.37E-1"
"1206.0","4.81E-1"
"1207.0","4.30E-1"
"1208.0","4.33E-1"
"1209.0","4.14E-1"
"1210.0","4.53E-1"
"1211.0","4.22E-1"
"1212.0","4.25E-1"
"1213.0","4.70E-1"
"1214.0","4.34E-1"
"1215.0","4.28E-1"
"1216.0","4.66E-1"
"1217.0","4.55E-1"
"1218.0","4.59E-1"
"1219.0","4.47E-1"
"1220.0","4.58E-1"
"1221.0","4.65E-1"
"1222.0","4.51E-1"
"1223.0","4.44E-1"
"1224.0","4.48E-1"
"1225.0","4.62E-1"
"1226.0","4.68E-1"
"1227.0","4.33E-1"
"1228.0","4.67E-1"
"1229.0","4.67E-1"
"1230.0","4.60E-1"
"1231.0","4.72E-1"
"1232.0","4.66E-1"
"1233.0","4.54E-1"
"1234.0","4.70E-1"
"1235.0","4.65E-1"
"1236.0","4.69E-1"
"1237.0","4.63E-1"
"1238.0","4.68E-1"
"1239.0","4.63E-1"
"1240.0","4.61E-1"
"1241.0","4.62E-1"
"1242.0","4.62E-1"
"1243.0","4.58E-1"
"1244.0","4.55E-1"
"1245.0","4.57E-1"
"1246.0","4.59E-1"
"1247.0","4.57E-1"
"1248.0","4.59E-1"
"1249.0","4.60E-1"
"1250.0","4.57E-1"
"1251.0","4.53E-1"
"1252.0","4.51E-1"
"1253.0","4.48E-1"
"1254.0","4.44E-1"
"1255.0","4.51E-1"
"1256.0","4.40E-1"
"1257.0","4.35E-1"
"1258.0","4.45E-1"
"1259.0","4.27E-1"
"1260.0","4.31E-1"
"1261.0","4.11E-1"
"1262.0","3.96E-1"
"1263.0","4.00E-1"
"1264.0","3.71E-1"
"1265.0","3.96E-1"
"1266.0","3.85E-1"
"1267.0","3.88E-1"
"1268.0","3.71E-1"
"1269.0","2.47E-1"
"1270.0","3.87E-1"
"1271.0","4.08E-1"
"1272.0","4.09E-1"
"1273.0","4.06E-1"
"1274.0","4.06E-1"
"1275.0","4.12E-1"
"1276.0","4.17E-1"
"1277.0","4.20E-1"
"1278.0","4.28E-1"
"1279.0","4.25E-1"
"1280.0","4.22E-1"
"1281.0","4.13E-1"
"1282.0","3.73E-1"
"1283.0","4.07E-1"
"1284.0","4.21E-1"
"1285.0","4.24E-1"
"1286.0","4.27E-1"
"1287.0","4.22E-1"
"1288.0","4.20E-1"
"1289.0","4.09E-1"
"1290.0","4.13E-1"
"1291.0","4.18E-1"
"1292.0","3.96E-1"
"1293.0","4.13E-1"
"1294.0","4.04E-1"
"1295.0","4.05E-1"
"1296.0","3.90E-1"
"1297.0","3.71E-1"
"1298.0","3.92E-1"
"1299.0","4.09E-1"
"1300.0","3.53E-1"
"1301.0","3.62E-1"
"1302.0","3.92E-1"
"1303.0","3.46E-1"
"1304.0","3.01E-1"
"1305.0","3.84E-1"
"1306.0","3.85E-1"
"1307.0","3.06E-1"
"1308.0","3.47E-1"
"1309.0","3.84E-1"
"1310.0","3.01E-1"
"1311.0","3.34E-1"
"1312.0","3.33E-1"
"1313.0","3.14E-1"
"1314.0","2.88E-1"
"1315.0","2.86E-1"
"1316.0","3.24E-1"
"1317.0","3.12E-1"
"1318.0","3.33E-1"
"1319.0","2.69E-1"
"1320.0","2.59E-1"
"1321.0","2.99E-1"
"1322.0","3.02E-1"
"1323.0","2.33E-1"
"1324.0","2.62E-1"
"1325.0","3.22E-1"
"1326.0","2.81E-1"
"1327.0","2.66E-1"
"1328.0","2.34E-1"
"1329.0","1.78E-1"
"1330.0","2.29E-1"
"1331.0","1.45E-1"
"1332.0","1.46E-1"
"1333.0","2.03E-1"
"1334.0","1.69E-1"
"1335.0","2.31E-1"
"1336.0","1.83E-1"
"1337.0","1.65E-1"
"1338.0","1.78E-1"
"1339.0","1.77E-1"
"1340.0","1.68E-1"
"1341.0","1.70E-1"
"1342.0","1.78E-1"
"1343.0","1.27E-1"
"1344.0","7.56E-2"
"1345.0","1.09E-1"
"1346.0","5.82E-2"
"1347.0","6.01E-2"
"1348.0","4.75E-3"
"1349.0","1.62E-2"
"1350.0","1.60E-2"
"1351.0","4.63E-3"
"1352.0","1.52E-3"
"1353.0","9.61E-5"
"1354.0","2.90E-4"
"1355.0","3.60E-6"
"1356.0","4.81E-5"
"1357.0","7.18E-5"
"1358.0","4.19E-6"
"1359.0","7.34E-7"
"1360.0","2.14E-6"
"1361.0","4.81E-9"
"1362.0","1.81E-11"
"1363.0","3.16E-6"
"1364.0","1.36E-6"
"1365.0","9.08E-12"
"1366.0","1.28E-5"
"1367.0","4.98E-6"
"1368.0","1.48E-13"
"1369.0","5.17E-7"
"1370.0","2.92E-7"
"1371.0","1.97E-8"
"1372.0","2.75E-6"
"1373.0","4.44E-5"
"1374.0","1.79E-4"
"1375.0","3.23E-4"
"1376.0","2.57E-4"
"1377.0","1.23E-4"
"1378.0","1.11E-3"
"1379.0","5.22E-5"
"1380.0","8.16E-5"
"1381.0","2.37E-6"
"1382.0","2.57E-6"
"1383.0","4.40E-8"
"1384.0","6.17E-7"
"1385.0","2.09E-6"
"1386.0","2.52E-6"
"1387.0","1.99E-4"
"1388.0","4.03E-6"
"1389.0","5.81E-4"
"1390.0","4.93E-4"
"1391.0","3.44E-4"
"1392.0","2.38E-5"
"1393.0","1.16E-4"
"1394.0","7.55E-5"
"1395.0","6.71E-7"
"1396.0","6.32E-9"
"1397.0","4.91E-5"
"1398.0","1.27E-3"
"1399.0","8.12E-4"
"1400.0","3.25E-9"
"1401.0","1.05E-8"
"1402.0","1.84E-3"
"1403.0","2.38E-3"
"1404.0","7.39E-4"
"1405.0","3.64E-7"
"1406.0","2.04E-3"
"1407.0","1.75E-4"
"1408.0","1.65E-3"
"1409.0","6.19E-4"
"1410.0","4.67E-4"
"1411.0","2.11E-3"
"1412.0","2.64E-3"
"1413.0","2.34E-2"
"1414.0","3.64E-4"
"1415.0","1.84E-4"
"1416.0","3.56E-2"
"1417.0","1.18E-2"
"1418.0","1.36E-2"
"1419.0","2.14E-3"
"1420.0","8.27E-3"
"1421.0","9.16E-3"
"1422.0","4.63E-2"
"1423.0","9.22E-3"
"1424.0","1.70E-2"
"1425.0","2.59E-2"
"1426.0","2.78E-2"
"1427.0","4.95E-2"
"1428.0","4.56E-3"
"1429.0","3.80E-2"
"1430.0","6.16E-2"
"1431.0","5.02E-2"
"1432.0","2.52E-3"
"1433.0","3.58E-2"
"1434.0","2.10E-2"
"1435.0","2.14E-2"
"1436.0","3.84E-2"
"1437.0","2.99E-2"
"1438.0","1.33E-2"
"1439.0","5.10E-2"
"1440.0","3.96E-2"
"1441.0","3.18E-2"
"1442.0","3.63E-2"
"1443.0","4.51E-2"
"1444.0","6.18E-2"
"1445.0","4.98E-2"
"1446.0","2.31E-2"
"1447.0","3.62E-2"
"1448.0","1.16E-1"
"1449.0","1.02E-1"
"1450.0","2.74E-2"
"1451.0","1.13E-2"
"1452.0","6.24E-2"
"1453.0","8.20E-2"
"1454.0","1.38E-1"
"1455.0","6.62E-2"
"1456.0","8.85E-2"
"1457.0","1.17E-1"
"1458.0","1.36E-1"
"1459.0","1.63E-1"
"1460.0","8.54E-2"
"1461.0","9.03E-2"
"1462.0","1.31E-1"
"1463.0","4.32E-2"
"1464.0","1.52E-1"
"1465.0","9.34E-2"
"1466.0","6.52E-2"
"1467.0","3.61E-2"
"1468.0","7.69E-2"
"1469.0","9.48E-2"
"1470.0","4.97E-2"
"1471.0","1.78E-2"
"1472.0","4.68E-2"
"1473.0","7.02E-2"
"1474.0","9.73E-2"
"1475.0","1.85E-1"
"1476.0","6.88E-2"
"1477.0","6.97E-2"
"1478.0","6.35E-2"
"1479.0","1.20E-1"
"1480.0","6.06E-2"
"1481.0","1.15E-1"
"1482.0","5.85E-2"
"1483.0","1.49E-1"
"1484.0","1.37E-1"
"1485.0","1.25E-1"
"1486.0","1.23E-1"
"1487.0","6.06E-2"
"1488.0","9.42E-2"
"1489.0","1.90E-1"
"1490.0","1.75E-1"
"1491.0","1.98E-1"
"1492.0","1.64E-1"
"1493.0","1.82E-1"
"1494.0","2.04E-1"
"1495.0","1.83E-1"
"1496.0","1.69E-1"
"1497.0","2.29E-1"
"1498.0","1.90E-1"
"1499.0","2.18E-1"
"1500.0","2.51E-1"
"1501.0","2.66E-1"
"1502.0","2.34E-1"
"1503.0","1.85E-1"
"1504.0","1.60E-1"
"1505.0","1.84E-1"
"1506.0","2.58E-1"
"1507.0","2.55E-1"
"1508.0","2.43E-1"
"1509.0","1.87E-1"
"1510.0","2.71E-1"
"1511.0","2.65E-1"
"1512.0","2.61E-1"
"1513.0","2.42E-1"
"1514.0","2.26E-1"
"1515.0","2.66E-1"
"1516.0","2.57E-1"
"1517.0","2.49E-1"
"1518.0","2.52E-1"
"1519.0","2.44E-1"
"1520.0","2.65E-1"
"1521.0","2.75E-1"
"1522.0","2.64E-1"
"1523.0","2.80E-1"
"1524.0","2.75E-1"
"1525.0","2.59E-1"
"1526.0","2.67E-1"
"1527.0","2.62E-1"
"1528.0","2.79E-1"
"1529.0","2.72E-1"
"1530.0","2.55E-1"
"1531.0","2.70E-1"
"1532.0","2.78E-1"
"1533.0","2.77E-1"
"1534.0","2.69E-1"
"1535.0","2.67E-1"
"1536.0","2.75E-1"
"1537.0","2.73E-1"
"1538.0","2.72E-1"
"1539.0","2.73E-1"
"1540.0","2.65E-1"
"1541.0","2.69E-1"
"1542.0","2.69E-1"
"1543.0","2.72E-1"
"1544.0","2.72E-1"
"1545.0","2.77E-1"
"1546.0","2.75E-1"
"1547.0","2.73E-1"
"1548.0","2.67E-1"
"1549.0","2.73E-1"
"1550.0","2.70E-1"
"1551.0","2.71E-1"
"1552.0","2.72E-1"
"1553.0","2.71E-1"
"1554.0","2.65E-1"
"1555.0","2.68E-1"
"1556.0","2.63E-1"
"1557.0","2.71E-1"
"1558.0","2.68E-1"
"1559.0","2.68E-1"
"1560.0","2.66E-1"
"1561.0","2.70E-1"
"1562.0","2.68E-1"
"1563.0","2.67E-1"
"1564.0","2.63E-1"
"1565.0","2.67E-1"
"1566.0","2.62E-1"
"1567.0","2.63E-1"
"1568.0","2.57E-1"
"1569.0","2.55E-1"
"1570.0","2.42E-1"
"1571.0","2.35E-1"
"1572.0","2.38E-1"
"1573.0","2.34E-1"
"1574.0","2.41E-1"
"1575.0","2.40E-1"
"1576.0","2.47E-1"
"1577.0","2.16E-1"
"1578.0","2.35E-1"
"1579.0","2.37E-1"
"1580.0","2.45E-1"
"1581.0","2.49E-1"
"1582.0","2.42E-1"
"1583.0","2.48E-1"
"1584.0","2.49E-1"
"1585.0","2.59E-1"
"1586.0","2.56E-1"
"1587.0","2.53E-1"
"1588.0","2.51E-1"
"1589.0","2.32E-1"
"1590.0","2.42E-1"
"1591.0","2.42E-1"
"1592.0","2.52E-1"
"1593.0","2.58E-1"
"1594.0","2.56E-1"
"1595.0","2.58E-1"
"1596.0","2.45E-1"
"1597.0","2.47E-1"
"1598.0","2.54E-1"
"1599.0","2.42E-1"
"1600.0","2.38E-1"
"1601.0","2.23E-1"
"1602.0","2.24E-1"
"1603.0","2.24E-1"
"1604.0","2.28E-1"
"1605.0","2.37E-1"
"1606.0","2.41E-1"
"1607.0","2.33E-1"
"1608.0","2.30E-1"
"1609.0","2.27E-1"
"1610.0","2.18E-1"
"1611.0","2.27E-1"
"1612.0","2.31E-1"
"1613.0","2.37E-1"
"1614.0","2.38E-1"
"1615.0","2.41E-1"
"1616.0","2.31E-1"
"1617.0","2.35E-1"
"1618.0","2.44E-1"
"1619.0","2.41E-1"
"1620.0","2.34E-1"
"1621.0","2.34E-1"
"1622.0","2.38E-1"
"1623.0","2.42E-1"
"1624.0","2.43E-1"
"1625.0","2.38E-1"
"1626.0","2.40E-1"
"1627.0","2.41E-1"
"1628.0","2.41E-1"
"1629.0","2.41E-1"
"1630.0","2.37E-1"
"1631.0","2.38E-1"
"1632.0","2.38E-1"
"1633.0","2.33E-1"
"1634.0","2.33E-1"
"1635.0","2.34E-1"
"1636.0","2.35E-1"
"1637.0","2.27E-1"
"1638.0","2.20E-1"
"1639.0","2.20E-1"
"1640.0","2.15E-1"
"1641.0","2.20E-1"
"1642.0","2.21E-1"
"1643.0","2.15E-1"
"1644.0","2.24E-1"
"1645.0","2.18E-1"
"1646.0","2.17E-1"
"1647.0","2.28E-1"
"1648.0","2.17E-1"
"1649.0","2.19E-1"
"1650.0","2.25E-1"
"1651.0","2.09E-1"
"1652.0","2.24E-1"
"1653.0","2.23E-1"
"1654.0","2.16E-1"
"1655.0","2.22E-1"
"1656.0","2.21E-1"
"1657.0","2.22E-1"
"1658.0","2.25E-1"
"1659.0","2.21E-1"
"1660.0","2.23E-1"
"1661.0","2.24E-1"
"1662.0","2.19E-1"
"1663.0","2.22E-1"
"1664.0","2.21E-1"
"1665.0","2.12E-1"
"1666.0","1.79E-1"
"1667.0","2.11E-1"
"1668.0","2.15E-1"
"1669.0","2.15E-1"
"1670.0","2.22E-1"
"1671.0","2.19E-1"
"1672.0","2.11E-1"
"1673.0","2.16E-1"
"1674.0","2.16E-1"
"1675.0","2.14E-1"
"1676.0","2.11E-1"
"1677.0","2.12E-1"
"1678.0","2.09E-1"
"1679.0","2.13E-1"
"1680.0","2.06E-1"
"1681.0","1.94E-1"
"1682.0","2.04E-1"
"1683.0","2.09E-1"
"1684.0","1.98E-1"
"1685.0","2.13E-1"
"1686.0","2.10E-1"
"1687.0","2.05E-1"
"1688.0","2.10E-1"
"1689.0","2.07E-1"
"1690.0","2.05E-1"
"1691.0","1.93E-1"
"1692.0","2.07E-1"
"1693.0","2.11E-1"
"1694.0","2.05E-1"
"1695.0","2.10E-1"
"1696.0","2.09E-1"
"1697.0","1.81E-1"
"1698.0","2.07E-1"
"1699.0","2.06E-1"
"1700.0","2.00E-1"
"1702.0","2.04E-1"
"1705.0","1.98E-1"
"1710.0","1.88E-1"
"1715.0","1.90E-1"
"1720.0","1.87E-1"
"1725.0","1.78E-1"
"1730.0","1.74E-1"
"1735.0","1.62E-1"
"1740.0","1.68E-1"
"1745.0","1.55E-1"
"1750.0","1.66E-1"
"1755.0","1.53E-1"
"1760.0","1.60E-1"
"1765.0","1.33E-1"
"1770.0","1.42E-1"
"1775.0","1.15E-1"
"1780.0","1.01E-1"
"1785.0","7.70E-2"
"1790.0","8.89E-2"
"1795.0","4.69E-2"
"1800.0","3.18E-2"
"1805.0","1.48E-2"
"1810.0","9.69E-3"
"1815.0","3.28E-3"
"1820.0","9.88E-4"
"1825.0","1.27E-3"
"1830.0","5.20E-6"
"1835.0","6.42E-6"
"1840.0","6.27E-8"
"1845.0","6.27E-6"
"1850.0","3.00E-6"
"1855.0","2.84E-7"
"1860.0","1.12E-5"
"1865.0","1.70E-5"
"1870.0","2.67E-10"
"1875.0","4.51E-10"
"1880.0","7.75E-5"
"1885.0","4.39E-5"
"1890.0","2.23E-4"
"1895.0","1.29E-4"
"1900.0","8.62E-7"
"1905.0","5.67E-7"
"1910.0","2.30E-5"
"1915.0","1.99E-5"
"1920.0","4.51E-4"
"1925.0","9.36E-4"
"1930.0","5.52E-4"
"1935.0","3.59E-3"
"1940.0","3.28E-3"
"1945.0","1.09E-2"
"1950.0","1.67E-2"
"1955.0","1.00E-2"
"1960.0","2.19E-2"
"1965.0","2.86E-2"
"1970.0","4.88E-2"
"1975.0","6.79E-2"
"1980.0","7.55E-2"
"1985.0","8.31E-2"
"1990.0","8.56E-2"
"1995.0","8.12E-2"
"2000.0","3.82E-2"
"2005.0","1.50E-2"
"2010.0","3.97E-2"
"2015.0","2.66E-2"
"2020.0","4.50E-2"
"2025.0","7.40E-2"
"2030.0","8.49E-2"
"2035.0","9.64E-2"
"2040.0","8.98E-2"
"2045.0","9.11E-2"
"2050.0","6.79E-2"
"2055.0","5.49E-2"
"2060.0","6.92E-2"
"2065.0","6.19E-2"
"2070.0","6.57E-2"
"2075.0","7.74E-2"
"2080.0","8.68E-2"
"2085.0","8.51E-2"
"2090.0","8.91E-2"
"2095.0","8.97E-2"
"2100.0","8.61E-2"
"2105.0","9.32E-2"
"2110.0","8.97E-2"
"2115.0","9.17E-2"
"2120.0","8.76E-2"
"2125.0","8.86E-2"
"2130.0","8.98E-2"
"2135.0","9.00E-2"
"2140.0","9.08E-2"
"2145.0","8.95E-2"
"2150.0","8.46E-2"
"2155.0","8.48E-2"
"2160.0","8.42E-2"
"2165.0","7.63E-2"
"2170.0","8.20E-2"
"2175.0","8.04E-2"
"2180.0","8.18E-2"
"2185.0","7.46E-2"
"2190.0","7.91E-2"
"2195.0","7.90E-2"
"2200.0","7.12E-2"
"2205.0","7.40E-2"
"2210.0","7.93E-2"
"2215.0","7.63E-2"
"2220.0","7.77E-2"
"2225.0","7.55E-2"
"2230.0","7.58E-2"
"2235.0","7.43E-2"
"2240.0","7.31E-2"
"2245.0","7.08E-2"
"2250.0","7.19E-2"
"2255.0","6.77E-2"
"2260.0","6.69E-2"
"2265.0","6.81E-2"
"2270.0","6.49E-2"
"2275.0","6.40E-2"
"2280.0","6.63E-2"
"2285.0","6.31E-2"
"2290.0","6.32E-2"
"2295.0","6.13E-2"
"2300.0","5.88E-2"
"2305.0","5.92E-2"
"2310.0","6.39E-2"
"2315.0","5.81E-2"
"2320.0","5.20E-2"
"2325.0","5.62E-2"
"2330.0","5.68E-2"
"2335.0","5.80E-2"
"2340.0","4.58E-2"
"2345.0","5.14E-2"
"2350.0","4.15E-2"
"2355.0","4.75E-2"
"2360.0","5.02E-2"
"2365.0","4.94E-2"
"2370.0","3.08E-2"
"2375.0","4.41E-2"
"2380.0","4.26E-2"
"2385.0","3.08E-2"
"2390.0","3.71E-2"
"2395.0","4.06E-2"
"2400.0","4.42E-2"
"2405.0","3.36E-2"
"2410.0","3.38E-2"
"2415.0","2.73E-2"
"2420.0","2.66E-2"
"2425.0","3.31E-2"
"2430.0","4.51E-2"
"2435.0","1.49E-2"
"2440.0","4.32E-2"
"2445.0","2.08E-2"
"2450.0","1.36E-2"
"2455.0","2.49E-2"
"2460.0","3.34E-2"
"2465.0","2.41E-2"
"2470.0","1.67E-2"
"2475.0","1.65E-2"
"2480.0","8.04E-3"
"2485.0","5.61E-3"
"2490.0","3.51E-3"
"2495.0","2.88E-3"
"2500.0","7.06E-3"
"2505.0","1.52E-3"
"2510.0","2.22E-3"
"2515.0","5.19E-4"
"2520.0","3.71E-4"
"2525.0","4.14E-5"
"2530.0","6.36E-7"
"2535.0","1.75E-7"
"2540.0","3.77E-7"
"2545.0","5.38E-11"
"2550.0","2.82E-13"
"2555.0","1.04E-9"
"2560.0","3.10E-11"
"2565.0","1.60E-14"
"2570.0","1.53E-18"
"2575.0","1.08E-27"
"2580.0","3.82E-22"
"2585.0","1.72E-34"
"2590.0","5.48E-31"
"2595.0","2.28E-33"
"2600.0","4.49E-28"
"2605.0","5.81E-35"
"2610.0","5.94E-34"
"2615.0","1.12E-37"
"2620.0","5.65E-29"
"2625.0","3.87E-28"
"2630.0","2.80E-45"
"2635.0","3.90E-16"
"2640.0","1.18E-16"
"2645.0","9.00E-19"
"2650.0","1.43E-19"
"2655.0","1.31E-27"
"2660.0","2.61E-25"
"2665.0","1.11E-37"
"2670.0","0.00E+0"
"2675.0","0.00E+0"
"2680.0","0.00E+0"
"2685.0","0.00E+0"
"2690.0","1.02E-29"
"2695.0","7.13E-33"
"2700.0","0.00E+0"
"2705.0","2.93E-42"
"2710.0","1.13E-35"
"2715.0","3.86E-26"
"2720.0","5.61E-45"
"2725.0","7.29E-22"
"2730.0","6.07E-19"
"2735.0","5.49E-21"
"2740.0","2.33E-27"
"2745.0","1.31E-23"
"2750.0","1.66E-28"
"2755.0","6.73E-44"
"2760.0","0.00E+0"
"2765.0","2.68E-27"
"2770.0","8.38E-24"
"2775.0","4.00E-38"
"2780.0","4.81E-34"
"2785.0","3.89E-27"
"2790.0","1.22E-16"
"2795.0","3.62E-16"
"2800.0","1.65E-12"
"2805.0","6.75E-14"
"2810.0","4.02E-10"
"2815.0","2.87E-10"
"2820.0","2.05E-11"
"2825.0","1.76E-7"
"2830.0","3.90E-6"
"2835.0","2.13E-10"
"2840.0","1.96E-7"
"2845.0","4.06E-5"
"2850.0","1.16E-6"
"2855.0","4.49E-7"
"2860.0","2.54E-5"
"2865.0","1.68E-4"
"2870.0","6.31E-6"
"2875.0","3.92E-4"
"2880.0","2.47E-4"
"2885.0","4.53E-4"
"2890.0","1.86E-4"
"2895.0","2.66E-3"
"2900.0","8.12E-4"
"2905.0","1.11E-4"
"2910.0","2.72E-3"
"2915.0","1.26E-3"
"2920.0","2.89E-3"
"2925.0","1.08E-3"
"2930.0","5.89E-3"
"2935.0","6.49E-3"
"2940.0","1.63E-3"
"2945.0","1.45E-3"
"2950.0","5.23E-3"
"2955.0","2.34E-3"
"2960.0","4.60E-3"
"2965.0","7.44E-3"
"2970.0","3.52E-4"
"2975.0","8.54E-4"
"2980.0","1.34E-3"
"2985.0","6.96E-3"
"2990.0","1.03E-2"
"2995.0","4.28E-3"
"3000.0","7.85E-3"
"3005.0","2.89E-3"
"3010.0","6.85E-3"
"3015.0","5.56E-3"
"3020.0","6.34E-4"
"3025.0","7.50E-3"
"3030.0","6.08E-3"
"3035.0","2.50E-3"
"3040.0","2.02E-3"
"3045.0","4.21E-3"
"3050.0","1.03E-3"
"3055.0","2.89E-4"
"3060.0","6.30E-3"
"3065.0","2.91E-3"
"3070.0","1.75E-3"
"3075.0","6.02E-3"
"3080.0","3.62E-3"
"3085.0","1.77E-3"
"3090.0","2.38E-3"
"3095.0","6.55E-4"
"3100.0","4.40E-3"
"3105.0","9.22E-4"
"3110.0","8.46E-4"
"3115.0","2.27E-3"
"3120.0","9.82E-3"
"3125.0","3.03E-3"
"3130.0","5.76E-3"
"3135.0","1.14E-2"
"3140.0","3.32E-3"
"3145.0","3.25E-3"
"3150.0","6.67E-3"
"3155.0","5.64E-3"
"3160.0","9.23E-3"
"3165.0","1.40E-2"
"3170.0","1.25E-2"
"3175.0","9.23E-3"
"3180.0","1.06E-2"
"3185.0","8.08E-3"
"3190.0","4.24E-3"
"3195.0","2.69E-3"
"3200.0","4.38E-4"
"3205.0","3.10E-4"
"3210.0","1.36E-4"
"3215.0","4.98E-4"
"3220.0","1.61E-3"
"3225.0","1.99E-4"
"3230.0","3.41E-4"
"3235.0","7.29E-3"
"3240.0","3.75E-3"
"3245.0","7.34E-4"
"3250.0","2.61E-3"
"3255.0","9.94E-3"
"3260.0","1.22E-3"
"3265.0","2.45E-3"
"3270.0","1.22E-3"
"3275.0","5.93E-3"
"3280.0","2.86E-3"
"3285.0","1.11E-2"
"3290.0","8.76E-3"
"3295.0","1.22E-3"
"3300.0","1.78E-3"
"3305.0","3.94E-3"
"3310.0","3.92E-3"
"3315.0","1.61E-5"
"3320.0","6.00E-5"
"3325.0","3.52E-3"
"3330.0","4.66E-3"
"3335.0","9.07E-3"
"3340.0","3.46E-3"
"3345.0","3.54E-3"
"3350.0","8.03E-3"
"3355.0","3.63E-3"
"3360.0","5.24E-3"
"3365.0","7.19E-3"
"3370.0","3.94E-3"
"3375.0","8.46E-3"
"3380.0","5.11E-3"
"3385.0","7.49E-3"
"3390.0","9.86E-3"
"3395.0","9.55E-3"
"3400.0","1.25E-2"
"3405.0","4.46E-3"
"3410.0","7.08E-3"
"3415.0","7.28E-3"
"3420.0","1.32E-2"
"3425.0","1.00E-2"
"3430.0","8.69E-3"
"3435.0","1.16E-2"
"3440.0","8.03E-3"
"3445.0","1.13E-2"
"3450.0","1.12E-2"
"3455.0","8.31E-3"
"3460.0","1.25E-2"
"3465.0","9.82E-3"
"3470.0","1.23E-2"
"3475.0","1.09E-2"
"3480.0","1.12E-2"
"3485.0","1.21E-2"
"3490.0","1.04E-2"
"3495.0","1.23E-2"
"3500.0","1.19E-2"
"3505.0","1.18E-2"
"3510.0","1.20E-2"
"3515.0","1.15E-2"
"3520.0","1.21E-2"
"3525.0","1.14E-2"
"3530.0","1.11E-2"
"3535.0","9.46E-3"
"3540.0","9.03E-3"
"3545.0","9.54E-3"
"3550.0","1.05E-2"
"3555.0","9.06E-3"
"3560.0","1.08E-2"
"3565.0","1.09E-2"
"3570.0","8.34E-3"
"3575.0","8.64E-3"
"3580.0","1.02E-2"
"3585.0","9.17E-3"
"3590.0","9.45E-3"
"3595.0","9.67E-3"
"3600.0","1.03E-2"
"3605.0","1.04E-2"
"3610.0","9.48E-3"
"3615.0","9.47E-3"
"3620.0","1.16E-2"
"3625.0","1.02E-2"
"3630.0","9.96E-3"
"3635.0","1.03E-2"
"3640.0","1.15E-2"
"3645.0","1.06E-2"
"3650.0","1.01E-2"
"3655.0","1.10E-2"
"3660.0","1.09E-2"
"3665.0","1.03E-2"
"3670.0","7.90E-3"
"3675.0","4.83E-3"
"3680.0","8.33E-3"
"3685.0","9.44E-3"
"3690.0","9.69E-3"
"3695.0","1.01E-2"
"3700.0","1.09E-2"
"3705.0","1.08E-2"
"3710.0","9.36E-3"
"3715.0","9.23E-3"
"3720.0","1.04E-2"
"3725.0","1.07E-2"
"3730.0","9.27E-3"
"3735.0","8.58E-3"
"3740.0","8.85E-3"
"3745.0","1.03E-2"
"3750.0","9.29E-3"
"3755.0","8.99E-3"
"3760.0","8.86E-3"
"3765.0","8.55E-3"
"3770.0","9.12E-3"
"3775.0","9.05E-3"
"3780.0","9.57E-3"
"3785.0","8.81E-3"
"3790.0","7.76E-3"
"3795.0","8.87E-3"
"3800.0","9.86E-3"
"3805.0","9.30E-3"
"3810.0","8.25E-3"
"3815.0","7.76E-3"
"3820.0","9.66E-3"
"3825.0","9.51E-3"
"3830.0","9.59E-3"
"3835.0","7.69E-3"
"3840.0","8.98E-3"
"3845.0","8.78E-3"
"3850.0","8.83E-3"
"3855.0","8.51E-3"
"3860.0","7.99E-3"
"3865.0","8.10E-3"
"3870.0","7.36E-3"
"3875.0","6.76E-3"
"3880.0","6.53E-3"
"3885.0","6.77E-3"
"3890.0","6.88E-3"
"3895.0","7.48E-3"
"3900.0","7.93E-3"
"3905.0","7.93E-3"
"3910.0","7.14E-3"
"3915.0","6.99E-3"
"3920.0","6.95E-3"
"3925.0","6.85E-3"
"3930.0","7.05E-3"
"3935.0","7.35E-3"
"3940.0","7.40E-3"
"3945.0","7.54E-3"
"3950.0","7.63E-3"
"3955.0","7.72E-3"
"3960.0","7.75E-3"
"3965.0","7.81E-3"
"3970.0","7.68E-3"
"3975.0","7.51E-3"
"3980.0","7.39E-3"
"3985.0","7.43E-3"
"3990.0","7.37E-3"
"3995.0","7.21E-3"
"4000.0","7.10E-3"
